Sign_Number,SOL,INI,MED,FIN,TOT
1,3,12,33,86,134
2,0,7,14,0,21
3,0,2,3,1,6
4,0,1,0,1,2
5,0,0,0,2,2
6,0,4,1,0,5
7,3,3,1,1,8
8,0,2,103,0,105
9,0,2,10,0,12
10,0,0,5,1,6
11,0,1,1,0,2
12,1,1,9,69,80
13,0,0,0,1,1
14,0,0,2,11,13
15,3,1,30,92,126
16,0,1,0,0,1
17,0,38,49,4,91
18,0,7,20,0,27
19,0,0,7,1,8
20,0,1,0,0,1
21,0,0,2,0,2
22,0,1,2,0,3
23,0,1,0,0,1
24,0,0,1,1,2
25,0,10,38,5,53
26,0,1,0,0,1
27,0,2,0,0,2
28,0,17,28,5,50
29,0,2,0,1,3
30,0,1,0,1,2
31,2,0,0,0,2
32,0,2,8,1,11
33,0,0,1,0,1
34,0,2,0,0,2
35,0,3,1,0,4
36,0,0,2,0,2
37,0,1,0,0,1
38,1,1,3,1,6
39,0,0,1,0,1
40,3,5,2,4,14
41,0,14,6,0,20
42,0,1,0,0,1
43,0,1,1,0,2
44,2,0,0,0,2
45,0,3,0,1,4
46,0,0,0,1,1
47,1,5,10,0,16
48,0,74,93,1,168
49,0,0,2,0,2
50,0,5,3,0,8
51,1,25,75,4,105
52,0,0,0,1,1
53,0,32,96,2,130
54,0,9,9,1,19
55,0,1,3,0,4
56,0,2,4,2,8
57,0,2,4,1,7
58,0,0,7,0,7
59,18,36,309,18,381
60,1,2,5,21,29
61,0,0,1,0,1
62,0,0,13,0,13
63,8,0,2,0,10
64,0,0,2,0,2
65,1,77,137,1,216
66,1,3,5,10,19
67,2,68,209,0,279
68,0,0,2,7,9
69,2,1,1,0,4
70,0,17,55,1,73
71,0,0,2,5,7
72,0,40,148,0,188
73,1,4,0,3,8
74,0,0,2,0,2
75,0,4,8,1,13
76,0,10,5,0,15
77,0,1,1,0,2
78,0,1,7,0,8
79,0,1,0,0,1
80,0,3,1,0,4
81,0,0,19,5,24
82,0,0,1,0,1
83,0,1,2,1,4
84,0,5,3,0,8
85,1,0,0,0,1
86,1,67,70,11,149
87,1,147,199,18,365
88,1,0,0,0,1
89,1,140,159,14,314
90,0,2,0,0,2
91,0,0,0,2,2
92,0,1,0,0,1
93,5,0,1,5,11
94,0,2,7,2,11
95,0,59,5,0,64
96,1,2,13,6,22
97,0,1,87,3,91
98,0,4,72,12,88
99,0,2,625,22,649
100,1,12,16,0,29
101,0,1,0,0,1
102,7,71,70,3,151
103,2,22,6,0,30
104,1,31,35,3,70
105,0,0,2,0,2
106,1,18,18,1,38
107,0,2,1,3,6
108,0,2,1,0,3
109,1,20,17,0,38
110,2,0,3,1,6
111,0,2,2,0,4
112,0,16,54,0,70
113,0,0,16,1,17
114,0,3,4,0,7
115,1,0,0,0,1
116,0,1,1,0,2
117,0,1,0,0,1
118,1,0,0,0,1
119,0,13,0,0,13
120,0,2,0,0,2
121,0,11,58,1,70
122,0,1,0,0,1
123,0,0,186,7,193
124,0,19,59,0,78
125,0,0,17,1,18
126,0,1,2,1,4
127,7,7,32,4,50
128,0,0,8,0,8
129,0,2,3,0,5
130,0,0,58,5,63
131,0,1,0,0,1
132,0,0,2,1,3
133,0,1,0,0,1
134,0,2,12,0,14
135,0,3,31,1,35
136,0,5,10,0,15
137,2,3,14,4,23
138,0,2,0,2,4
139,1,1,0,13,15
140,0,0,1,1,2
141,0,1,2,1,4
142,0,7,0,0,7
143,0,2,0,0,2
144,1,0,0,0,1
145,0,0,1,0,1
146,1,2,0,0,3
147,0,1,0,0,1
148,0,0,1,0,1
149,2,5,65,20,92
150,0,51,11,1,63
151,0,1,0,0,1
152,0,1,0,0,1
153,0,9,16,1,26
154,0,1,0,0,1
155,0,5,44,0,49
156,0,0,0,1,1
157,0,0,1,0,1
158,1,0,3,0,4
159,0,1,1,0,2
160,0,2,4,0,6
161,0,1,1,2,4
162,3,10,109,90,212
163,0,2,1,2,5
164,0,1,0,0,1
165,1,0,0,0,1
166,0,0,0,1,1
167,1,1,4,1,7
168,0,0,0,1,1
169,1,3,106,130,240
170,0,1,0,0,1
171,0,37,92,3,132
172,0,1,7,0,8
173,0,24,9,5,38
174,0,0,7,4,11
175,1,21,27,5,54
176,1,0,38,316,355
177,1,16,2,2,21
178,0,18,17,0,35
179,0,1,0,0,1
180,0,2,35,7,44
181,0,1,1,0,2
182,0,15,25,3,43
183,0,1,10,0,11
184,2,1,3,0,6
185,0,0,1,0,1
186,0,15,15,3,33
187,0,0,3,0,3
188,0,1,2,0,3
189,0,0,4,0,4
190,0,1,5,16,22
191,0,1,0,0,1
192,0,2,19,0,21
193,0,2,23,0,25
194,0,3,53,2,58
195,0,1,3,0,4
196,0,1,0,0,1
197,1,22,36,1,60
198,0,2,2,0,4
199,0,2,0,0,2
200,0,1,0,0,1
201,0,7,2,0,9
202,0,5,3,1,9
203,0,2,0,0,2
204,0,50,25,1,76
205,0,18,8,0,26
206,0,0,5,2,7
207,0,0,0,1,1
208,0,1,0,0,1
209,0,1,23,0,24
210,0,17,4,1,22
211,1,0,42,184,227
212,0,2,3,1,6
213,1,0,1,0,2
214,4,5,6,1,16
215,0,10,0,0,10
216,2,36,49,3,90
217,0,4,6,0,10
218,0,1,0,0,1
219,2,5,4,0,11
220,0,0,1,0,1
221,0,4,0,0,4
222,0,2,20,0,22
223,0,2,3,1,6
224,2,1,2,9,14
225,0,1,3,0,4
226,0,3,8,0,11
227,0,0,1,0,1
228,0,2,3,0,5
229,0,1,4,0,5
230,0,3,45,6,54
231,0,0,0,1,1
232,0,0,0,1,1
233,0,5,22,2,29
234,0,5,2,0,7
235,1,0,0,0,1
236,0,0,1,0,1
237,0,2,6,0,8
238,0,4,0,0,4
239,0,1,0,0,1
240,0,1,2,0,3
241,0,1,0,0,1
242,9,3,0,14,26
243,0,1,0,0,1
244,0,26,63,0,89
245,0,28,136,43,207
246,0,1,0,0,1
247,0,1,7,0,8
248,0,1,0,0,1
249,1,35,128,6,170
250,1,3,5,4,13
251,0,0,1,0,1
252,0,2,33,16,51
253,0,10,9,2,21
254,0,3,9,61,73
255,0,1,0,0,1
256,0,1,3,0,4
257,0,0,2,0,2
258,0,12,8,0,20
259,0,0,3,0,3
260,0,0,1,0,1
261,0,9,14,4,27
262,0,0,0,1,1
263,0,6,1,0,7
264,0,10,1,0,11
265,0,1,0,0,1
266,1,0,0,0,1
267,1,298,62,15,376
268,0,0,4,0,4
269,1,0,0,0,1
270,0,1,0,0,1
271,0,1,0,0,1
272,0,1,0,2,3
273,0,0,1,0,1
274,0,0,0,1,1
275,0,0,0,5,5
276,0,1,0,1,2
277,0,0,4,7,11
278,0,1,0,1,2
279,0,0,1,0,1
280,0,1,0,1,2
281,0,1,0,0,1
282,0,0,0,3,3
283,0,1,0,3,4
284,0,18,11,12,41
285,0,1,0,0,1
286,0,13,2,0,15
287,0,17,69,2,88
288,0,0,1,0,1
289,0,2,3,0,5
290,0,2,1,0,3
291,0,1,0,0,1
292,0,6,2,0,8
293,0,72,61,3,136
294,0,4,49,0,53
295,0,9,0,0,9
296,0,4,31,0,35
297,0,1,4,1,6
298,0,2,2,0,4
299,0,0,1,0,1
300,0,1,0,0,1
301,0,4,9,0,13
302,0,2,9,2,13
303,0,3,6,2,11
304,0,0,11,0,11
305,0,3,0,0,3
306,0,1,0,0,1
307,1,15,36,17,69
308,0,0,1,0,1
309,0,0,2,0,2
310,0,0,1,0,1
311,0,3,0,0,3
312,0,1,0,1,2
313,1,1,0,0,2
314,0,0,1,0,1
315,0,0,0,1,1
316,0,0,0,1,1
317,0,1,0,0,1
318,0,0,0,1,1
319,0,6,12,9,27
320,0,1,0,0,1
321,0,0,1,12,13
322,0,0,4,0,4
323,0,3,7,0,10
324,0,0,2,0,2
325,0,5,8,0,13
326,7,7,20,1,35
327,0,12,29,1,42
328,1,19,29,274,323
329,0,2,5,0,7
330,0,5,3,0,8
331,0,3,2,0,5
332,0,0,2,1,3
333,0,1,2,0,3
334,0,1,2,1,4
335,0,2,0,0,2
336,1,65,168,2,236
337,0,5,0,0,5
338,0,0,3,0,3
339,0,0,0,1,1
340,0,1,2,2,5
341,0,11,45,3,59
342,3,1,420,971,1395
343,0,20,152,5,177
344,3,4,26,2,35
345,0,25,24,2,51
346,2,0,0,0,2
347,0,1,116,1,118
348,1,1,20,0,22
349,0,0,1,0,1
350,0,1,0,0,1
351,0,1,0,0,1
352,0,0,1,0,1
353,0,1,0,0,1
354,0,1,0,0,1
355,0,2,0,0,2
356,0,0,1,0,1
357,0,0,1,0,1
358,0,0,32,0,32
359,0,0,2,0,2
360,0,0,1,0,1
361,0,1,0,0,1
362,2,0,0,0,2
363,3,0,0,0,3
364,1,1,1,0,3
365,0,3,1,0,4
366,0,1,0,0,1
367,0,0,5,3,8
368,0,0,2,0,2
369,0,0,2,0,2
370,0,0,1,0,1
371,0,1,2,0,3
372,0,1,0,0,1
373,0,19,29,13,61
374,9,0,0,0,9
375,0,14,31,12,57
376,0,1,1,0,2
377,1,0,0,0,1
378,0,1,1,0,2
379,0,11,6,0,17
380,0,0,5,0,5
381,0,0,13,1,14
382,0,0,1,0,1
383,0,1,0,0,1
384,1,2,3,1,7
385,0,0,1,0,1
386,0,6,6,0,12
387,0,30,72,0,102
388,0,0,4,4,8
389,0,65,69,0,134
390,0,0,2,1,3
391,3,135,41,16,195
392,1,0,0,0,1
393,5,0,0,2,7
394,0,1,1,0,2
395,0,3,3,1,7
396,0,0,1,0,1
397,1,9,3,0,13
398,0,5,2,0,7
399,0,1,0,0,1
400,0,5,8,1,14
401,0,0,0,1,1
402,1,7,61,30,99
403,2,16,74,1,93
404,0,0,0,5,5
405,1,0,0,0,1
406,0,2,10,1,13
407,0,0,47,1,48
408,1,0,0,0,1
409,1,14,11,0,26
410,0,0,0,1,1
411,0,1,0,0,1
412,0,4,0,0,4
413,0,0,0,1,1
414,0,0,1,0,1
415,0,4,3,2,9
416,0,2,0,0,2
417,1,4,0,0,5